date,message,from,to,to_email,from_id,to_id,matched
1404-06-26 10:09:00,There is nothing about this message in the Emails.,hanieh fargheh gharamaleki,کارشناسی ارشد ناپیوسته_روان شناسی بالینی_یزد_4021,sf-105-20733-5-4021@iau.ir,<empty>,35b0730e-083c-4fe4-84a6-392349ed448d,False
1404-06-26 10:23:00,"موضوع: 'درخواست فارغ التحصیلی دانشجویان'
سلام وعرض ادب
ارسال درخواست دانشجو( فارغ التحصیلی) جهت اقدام لازم
باتشكر",کارشناسی ارشد ناپیوسته_روان شناسی بالینی_یزد_4021,حسن نظری,356285@iau.ir,35b0730e-083c-4fe4-84a6-392349ed448d,2e914fac-3541-439b-8971-cef64a054b23,True
1404-06-26 10:23:07,"سلام وعرض ادب
ارسال درخواست دانشجو( فارغ التحصیلی) جهت اقدام لازم
باتشكر",Not in workflow,Not in workflow,Not in workflow,Not in workflow,Not in workflow,False
1404-07-01 09:18:00,There is nothing about this message in the Emails.,حسن نظری,کارشناسی ارشد ناپیوسته_روان شناسی بالینی_یزد_4021,sf-105-20733-5-4021@iau.ir,2e914fac-3541-439b-8971-cef64a054b23,b8ff8f8a-839e-4dcc-bf1b-14f5cc70dcfd,False
1404-07-01 09:19:00,"موضوع: 'پاسخ: درخواست فارغ التحصیلی دانشجویان'
با سلام و ادب
احتراما، کارنامه دانشجو بررسی گردید، جهت اخذ فرمهای فارغ التحصیلی به اینجانب مراجعه نمایند.
التماس دعا",حسن نظری,کارشناسی ارشد ناپیوسته_روان شناسی بالینی_یزد_4021,sf-105-20733-5-4021@iau.ir,2e914fac-3541-439b-8971-cef64a054b23,412184b2-0b15-43d0-8388-2bee040705a8,True
1404-07-01 13:07:00,"عرض سلام و ادب
احتراما، کارنامه شما بررسی گردید،مشکلی بابت فارغ التحصيلي نداريد، جهت اخذ فرمهای فارغ التحصیلی (با همراه داشتن نمره وصایاوروخواني قران اگر درمقطع قبلي گذرانده ايد)، به اقاي نظري كارشناس گروه مراجعه نماييد.
توجه :(سايت دانشگاه آزاد يزد مراجعه نموده ومدارك لازم جهت فارغ التحصيلي اطلاع رساني شده است حتما همراه داشته باشيد)
باتشكر",کارشناسی ارشد ناپیوسته_روان شناسی بالینی_یزد_4021,hanieh fargheh gharamaleki,1376070448@iau.ir,b8ff8f8a-839e-4dcc-bf1b-14f5cc70dcfd,1a687bdf-e917-456b-b616-6a049544430e,True
1500-01-01 00:00:00,فارغ التحصیلی,Not in workflow,Not in workflow,Not in workflow,Not in workflow,Not in workflow,False
